{
    "root_group": {
        "path": "",
        "id": "d41d8cd98f00b204e9800998ecf8427e",
        "groups": {},
        "checks": {
                "status_2xx": {
                    "id": "80998aea358595d9c7ce4ca8d5d6b80f",
                    "passes": 3289,
                    "fails": 0,
                    "name": "status_2xx",
                    "path": "::status_2xx"
                }
            },
        "name": ""
    },
    "metrics": {
        "http_req_waiting": {
            "min": 41.929,
            "med": 428.672,
            "max": 2873.4,
            "p(90)": 537.0577999999999,
            "p(95)": 594.6343999999999,
            "avg": 362.57816539981707
        },
        "http_reqs": {
            "count": 3289,
            "rate": 10.922769480722009
        },
        "http_req_receiving": {
            "avg": 73.16813134691411,
            "min": 0.018,
            "med": 26.335,
            "max": 770.868,
            "p(90)": 206.4736,
            "p(95)": 262.18519999999995
        },
        "http_req_tls_handshaking": {
            "avg": 0.3550906050471268,
            "min": 0,
            "med": 0,
            "max": 134.941,
            "p(90)": 0,
            "p(95)": 0
        },
        "iterations": {
            "count": 3289,
            "rate": 10.922769480722009
        },
        "http_req_failed": {
            "passes": 0,
            "fails": 3289,
            "thresholds": {
                "rate<0.01": false
            },
            "value": 0
        },
        "vus_max": {
            "value": 30,
            "min": 30,
            "max": 30
        },
        "http_req_sending": {
            "avg": 0.1736722408026753,
            "min": 0.018,
            "med": 0.159,
            "max": 3.053,
            "p(90)": 0.29,
            "p(95)": 0.329
        },
        "checks": {
            "passes": 3289,
            "fails": 0,
            "value": 1
        },
        "http_req_duration": {
            "avg": 435.9199689875335,
            "min": 112.558,
            "med": 435.642,
            "max": 2873.813,
            "p(90)": 563.9188,
            "p(95)": 627.7403999999998,
            "thresholds": {
                "p(95)<1500": false
            }
        },
        "vus": {
            "value": 1,
            "min": 0,
            "max": 30
        },
        "http_req_blocked": {
            "avg": 0.7086527820006343,
            "min": 0,
            "med": 0.001,
            "max": 159.21,
            "p(90)": 0.002,
            "p(95)": 0.002
        },
        "iteration_duration": {
            "p(95)": 1633.486849999999,
            "avg": 1437.748237135909,
            "min": 1113.548,
            "med": 1436.61175,
            "max": 3875.530875,
            "p(90)": 1569.0261836
        },
        "data_sent": {
            "count": 1108654,
            "rate": 3681.8400960414647
        },
        "data_received": {
            "count": 346584398,
            "rate": 1151006.8364149618
        },
        "http_req_duration{expected_response:true}": {
            "avg": 435.9199689875335,
            "min": 112.558,
            "med": 435.642,
            "max": 2873.813,
            "p(90)": 563.9188,
            "p(95)": 627.7403999999998
        },
        "http_req_connecting": {
            "avg": 0.3488765582243843,
            "min": 0,
            "med": 0,
            "max": 122.299,
            "p(90)": 0,
            "p(95)": 0
        }
    }
}